0.000000000000000000e+00;8.000000000000000000e+00;;;;;;;;;;
0.000000000000000000e+00;9.000000000000000000e+00;;;;;;;;;;
0.000000000000000000e+00;1.000000000000000000e+01;;;;;;;;;;
0.000000000000000000e+00;1.100000000000000000e+01;;;;;;;;;;
0.000000000000000000e+00;1.200000000000000000e+01;;;;;;;;;0;187
0.000000000000000000e+00;1.300000000000000000e+01;;;;;;;;;1;251
0.000000000000000000e+00;1.400000000000000000e+01;;;;;;;;;2;348
0.000000000000000000e+00;1.500000000000000000e+01;;;;;;;;;3;2
0.000000000000000000e+00;1.600000000000000000e+01;;;;;;;;;;
0.000000000000000000e+00;1.700000000000000000e+01;;;;;;;;;;
0.000000000000000000e+00;1.800000000000000000e+01;;;;;;;;;;
0.000000000000000000e+00;1.900000000000000000e+01;;;;;;;;;;
0.000000000000000000e+00;2.000000000000000000e+01;;;;;;;;;;
0.000000000000000000e+00;2.100000000000000000e+01;;;;;;;;;;
0.000000000000000000e+00;2.200000000000000000e+01;;;;;;;;;;
0.000000000000000000e+00;2.300000000000000000e+01;;;;;;;;;;
0.000000000000000000e+00;2.400000000000000000e+01;;;;;;;;;;
0.000000000000000000e+00;2.500000000000000000e+01;;;;;;;;;;
0.000000000000000000e+00;2.600000000000000000e+01;;;;;;;;;;
0.000000000000000000e+00;2.700000000000000000e+01;;;;;;;;;;
0.000000000000000000e+00;2.800000000000000000e+01;;;;;;;;;;
0.000000000000000000e+00;2.900000000000000000e+01;;;;;;;;;;
0.000000000000000000e+00;3.000000000000000000e+01;;;;;;;;;;
0.000000000000000000e+00;3.100000000000000000e+01;;;;;;;;;;
0.000000000000000000e+00;3.300000000000000000e+01;;;;;;;;;;
0.000000000000000000e+00;3.500000000000000000e+01;;;;;;;;;;
0.000000000000000000e+00;3.700000000000000000e+01;;;;;;;;;;
0.000000000000000000e+00;3.900000000000000000e+01;;;;;;;;;;
0.000000000000000000e+00;4.100000000000000000e+01;;;;;;;;;;
0.000000000000000000e+00;4.300000000000000000e+01;;;;;;;;;;
0.000000000000000000e+00;4.500000000000000000e+01;;;;;;;;;;
0.000000000000000000e+00;4.700000000000000000e+01;;;;;;;;;;
0.000000000000000000e+00;4.900000000000000000e+01;;;;;;;;;;
0.000000000000000000e+00;5.100000000000000000e+01;;;;;;;;;;
0.000000000000000000e+00;5.300000000000000000e+01;;;;;;;;;;
0.000000000000000000e+00;5.500000000000000000e+01;;;;;;;;;;
0.000000000000000000e+00;5.700000000000000000e+01;;;;;;;;;;
0.000000000000000000e+00;6.100000000000000000e+01;;;;;;;;;;
0.000000000000000000e+00;6.300000000000000000e+01;;;;;;;;;;
0.000000000000000000e+00;6.400000000000000000e+01;;;;;;;;;;
0.000000000000000000e+00;6.500000000000000000e+01;;;;;;;;;;
0.000000000000000000e+00;6.700000000000000000e+01;;;;;;;;;;
0.000000000000000000e+00;6.800000000000000000e+01;;;;;;;;;;
0.000000000000000000e+00;7.000000000000000000e+01;;;;;;;;;;
0.000000000000000000e+00;7.100000000000000000e+01;;;;;;;;;;
0.000000000000000000e+00;7.200000000000000000e+01;;;;;;;;;;
0.000000000000000000e+00;7.400000000000000000e+01;;;;;;;;;;
0.000000000000000000e+00;7.800000000000000000e+01;;;;;;;;;;
0.000000000000000000e+00;8.200000000000000000e+01;;;;;;;;;;
0.000000000000000000e+00;8.300000000000000000e+01;;;;;;;;;;
0.000000000000000000e+00;8.700000000000000000e+01;;;;;;;;;;
0.000000000000000000e+00;9.100000000000000000e+01;;;;;;;;;;
0.000000000000000000e+00;9.200000000000000000e+01;;;;;;;;;;
0.000000000000000000e+00;9.400000000000000000e+01;;;;;;;;;;
0.000000000000000000e+00;9.500000000000000000e+01;;;;;;;;;;
0.000000000000000000e+00;9.600000000000000000e+01;;;;;;;;;;
0.000000000000000000e+00;9.700000000000000000e+01;;;;;;;;;;
0.000000000000000000e+00;9.900000000000000000e+01;;;;;;;;;;
0.000000000000000000e+00;1.010000000000000000e+02;;;;;;;;;;
0.000000000000000000e+00;1.020000000000000000e+02;;;;;;;;;;
1.000000000000000000e+00;2.600000000000000000e+02;;;;;;;;;;
1.000000000000000000e+00;2.620000000000000000e+02;;;;;;;;;;
1.000000000000000000e+00;2.640000000000000000e+02;;;;;;;;;;
1.000000000000000000e+00;2.660000000000000000e+02;;;;;;;;;;
1.000000000000000000e+00;2.680000000000000000e+02;;;;;;;;;;
1.000000000000000000e+00;2.700000000000000000e+02;;;;;;;;;;
1.000000000000000000e+00;2.720000000000000000e+02;;;;;;;;;;
1.000000000000000000e+00;2.740000000000000000e+02;;;;;;;;;;
1.000000000000000000e+00;2.760000000000000000e+02;;;;;;;;;;
1.000000000000000000e+00;2.780000000000000000e+02;;;;;;;;;;
1.000000000000000000e+00;2.800000000000000000e+02;;;;;;;;;;
2.000000000000000000e+00;2.810000000000000000e+02;;;;;;;;;;
1.000000000000000000e+00;2.820000000000000000e+02;;;;;;;;;;
2.000000000000000000e+00;2.820000000000000000e+02;;;;;;;;;;
1.000000000000000000e+00;2.830000000000000000e+02;;;;;;;;;;
2.000000000000000000e+00;2.830000000000000000e+02;;;;;;;;;;
2.000000000000000000e+00;2.840000000000000000e+02;;;;;;;;;;
2.000000000000000000e+00;2.850000000000000000e+02;;;;;;;;;;
2.000000000000000000e+00;2.860000000000000000e+02;;;;;;;;;;
1.000000000000000000e+00;2.870000000000000000e+02;;;;;;;;;;
2.000000000000000000e+00;2.870000000000000000e+02;;;;;;;;;;
1.000000000000000000e+00;2.880000000000000000e+02;;;;;;;;;;
2.000000000000000000e+00;2.880000000000000000e+02;;;;;;;;;;
2.000000000000000000e+00;2.890000000000000000e+02;;;;;;;;;;
2.000000000000000000e+00;2.900000000000000000e+02;;;;;;;;;;
2.000000000000000000e+00;2.910000000000000000e+02;;;;;;;;;;
2.000000000000000000e+00;2.920000000000000000e+02;;;;;;;;;;
2.000000000000000000e+00;2.930000000000000000e+02;;;;;;;;;;
2.000000000000000000e+00;2.940000000000000000e+02;;;;;;;;;;
2.000000000000000000e+00;2.950000000000000000e+02;;;;;;;;;;
2.000000000000000000e+00;2.960000000000000000e+02;;;;;;;;;;
2.000000000000000000e+00;2.970000000000000000e+02;;;;;;;;;;
2.000000000000000000e+00;2.980000000000000000e+02;;;;;;;;;;
2.000000000000000000e+00;2.990000000000000000e+02;;;;;;;;;;
2.000000000000000000e+00;3.000000000000000000e+02;;;;;;;;;;
2.000000000000000000e+00;3.010000000000000000e+02;;;;;;;;;;
1.000000000000000000e+00;3.020000000000000000e+02;;;;;;;;;;
2.000000000000000000e+00;3.020000000000000000e+02;;;;;;;;;;
2.000000000000000000e+00;3.030000000000000000e+02;;;;;;;;;;
2.000000000000000000e+00;3.040000000000000000e+02;;;;;;;;;;
2.000000000000000000e+00;3.050000000000000000e+02;;;;;;;;;;
2.000000000000000000e+00;3.060000000000000000e+02;;;;;;;;;;
2.000000000000000000e+00;3.070000000000000000e+02;;;;;;;;;;
2.000000000000000000e+00;3.080000000000000000e+02;;;;;;;;;;
2.000000000000000000e+00;3.090000000000000000e+02;;;;;;;;;;
1.000000000000000000e+00;3.100000000000000000e+02;;;;;;;;;;
2.000000000000000000e+00;3.100000000000000000e+02;;;;;;;;;;
1.000000000000000000e+00;3.110000000000000000e+02;;;;;;;;;;
2.000000000000000000e+00;3.110000000000000000e+02;;;;;;;;;;
1.000000000000000000e+00;3.120000000000000000e+02;;;;;;;;;;
2.000000000000000000e+00;3.120000000000000000e+02;;;;;;;;;;
1.000000000000000000e+00;3.130000000000000000e+02;;;;;;;;;;
2.000000000000000000e+00;3.130000000000000000e+02;;;;;;;;;;
1.000000000000000000e+00;3.140000000000000000e+02;;;;;;;;;;
2.000000000000000000e+00;3.140000000000000000e+02;;;;;;;;;;
2.000000000000000000e+00;3.150000000000000000e+02;;;;;;;;;;
1.000000000000000000e+00;3.160000000000000000e+02;;;;;;;;;;
2.000000000000000000e+00;3.160000000000000000e+02;;;;;;;;;;
1.000000000000000000e+00;3.170000000000000000e+02;;;;;;;;;;
2.000000000000000000e+00;3.170000000000000000e+02;;;;;;;;;;
2.000000000000000000e+00;3.180000000000000000e+02;;;;;;;;;;
2.000000000000000000e+00;3.190000000000000000e+02;;;;;;;;;;
2.000000000000000000e+00;3.200000000000000000e+02;;;;;;;;;;
2.000000000000000000e+00;3.210000000000000000e+02;;;;;;;;;;
2.000000000000000000e+00;3.220000000000000000e+02;;;;;;;;;;
1.000000000000000000e+00;3.230000000000000000e+02;;;;;;;;;;
1.000000000000000000e+00;3.240000000000000000e+02;;;;;;;;;;
2.000000000000000000e+00;3.240000000000000000e+02;;;;;;;;;;
1.000000000000000000e+00;3.250000000000000000e+02;;;;;;;;;;
1.000000000000000000e+00;3.260000000000000000e+02;;;;;;;;;;
2.000000000000000000e+00;3.260000000000000000e+02;;;;;;;;;;
1.000000000000000000e+00;3.270000000000000000e+02;;;;;;;;;;
1.000000000000000000e+00;3.280000000000000000e+02;;;;;;;;;;
2.000000000000000000e+00;3.280000000000000000e+02;;;;;;;;;;
2.000000000000000000e+00;3.310000000000000000e+02;;;;;;;;;;
1.000000000000000000e+00;3.320000000000000000e+02;;;;;;;;;;
1.000000000000000000e+00;3.330000000000000000e+02;;;;;;;;;;
2.000000000000000000e+00;3.330000000000000000e+02;;;;;;;;;;
2.000000000000000000e+00;3.350000000000000000e+02;;;;;;;;;;
2.000000000000000000e+00;3.370000000000000000e+02;;;;;;;;;;
2.000000000000000000e+00;3.420000000000000000e+02;;;;;;;;;;
1.000000000000000000e+00;3.430000000000000000e+02;;;;;;;;;;
2.000000000000000000e+00;3.440000000000000000e+02;;;;;;;;;;
1.000000000000000000e+00;3.460000000000000000e+02;;;;;;;;;;
2.000000000000000000e+00;3.460000000000000000e+02;;;;;;;;;;
1.000000000000000000e+00;3.470000000000000000e+02;;;;;;;;;;
2.000000000000000000e+00;3.480000000000000000e+02;;;;;;;;;;
2.000000000000000000e+00;3.500000000000000000e+02;;;;;;;;;;
0.000000000000000000e+00;3.510000000000000000e+02;;;;;;;;;;
0.000000000000000000e+00;3.520000000000000000e+02;;;;;;;;;;
1.000000000000000000e+00;3.530000000000000000e+02;;;;;;;;;;
2.000000000000000000e+00;3.530000000000000000e+02;;;;;;;;;;
0.000000000000000000e+00;3.540000000000000000e+02;;;;;;;;;;
1.000000000000000000e+00;3.540000000000000000e+02;;;;;;;;;;
1.000000000000000000e+00;3.550000000000000000e+02;;;;;;;;;;
2.000000000000000000e+00;3.550000000000000000e+02;;;;;;;;;;
0.000000000000000000e+00;3.560000000000000000e+02;;;;;;;;;;
1.000000000000000000e+00;3.560000000000000000e+02;;;;;;;;;;
2.000000000000000000e+00;3.570000000000000000e+02;;;;;;;;;;
0.000000000000000000e+00;3.580000000000000000e+02;;;;;;;;;;
2.000000000000000000e+00;3.590000000000000000e+02;;;;;;;;;;
0.000000000000000000e+00;3.600000000000000000e+02;;;;;;;;;;
1.000000000000000000e+00;3.600000000000000000e+02;;;;;;;;;;
2.000000000000000000e+00;3.610000000000000000e+02;;;;;;;;;;
0.000000000000000000e+00;3.620000000000000000e+02;;;;;;;;;;
0.000000000000000000e+00;3.640000000000000000e+02;;;;;;;;;;
2.000000000000000000e+00;3.640000000000000000e+02;;;;;;;;;;
0.000000000000000000e+00;3.660000000000000000e+02;;;;;;;;;;
2.000000000000000000e+00;3.670000000000000000e+02;;;;;;;;;;
0.000000000000000000e+00;3.680000000000000000e+02;;;;;;;;;;
2.000000000000000000e+00;3.690000000000000000e+02;;;;;;;;;;
0.000000000000000000e+00;3.700000000000000000e+02;;;;;;;;;;
1.000000000000000000e+00;3.700000000000000000e+02;;;;;;;;;;
0.000000000000000000e+00;3.720000000000000000e+02;;;;;;;;;;
2.000000000000000000e+00;3.720000000000000000e+02;;;;;;;;;;
0.000000000000000000e+00;3.740000000000000000e+02;;;;;;;;;;
2.000000000000000000e+00;3.740000000000000000e+02;;;;;;;;;;
0.000000000000000000e+00;3.760000000000000000e+02;;;;;;;;;;
0.000000000000000000e+00;3.770000000000000000e+02;;;;;;;;;;
2.000000000000000000e+00;3.770000000000000000e+02;;;;;;;;;;
0.000000000000000000e+00;3.790000000000000000e+02;;;;;;;;;;
2.000000000000000000e+00;3.790000000000000000e+02;;;;;;;;;;
0.000000000000000000e+00;3.810000000000000000e+02;;;;;;;;;;
1.000000000000000000e+00;3.820000000000000000e+02;;;;;;;;;;
2.000000000000000000e+00;3.820000000000000000e+02;;;;;;;;;;
0.000000000000000000e+00;3.830000000000000000e+02;;;;;;;;;;
1.000000000000000000e+00;3.830000000000000000e+02;;;;;;;;;;
1.000000000000000000e+00;3.840000000000000000e+02;;;;;;;;;;
2.000000000000000000e+00;3.840000000000000000e+02;;;;;;;;;;
0.000000000000000000e+00;3.850000000000000000e+02;;;;;;;;;;
2.000000000000000000e+00;3.860000000000000000e+02;;;;;;;;;;
2.000000000000000000e+00;3.880000000000000000e+02;;;;;;;;;;
0.000000000000000000e+00;3.890000000000000000e+02;;;;;;;;;;
0.000000000000000000e+00;3.900000000000000000e+02;;;;;;;;;;
2.000000000000000000e+00;3.900000000000000000e+02;;;;;;;;;;
2.000000000000000000e+00;3.920000000000000000e+02;;;;;;;;;;
0.000000000000000000e+00;3.940000000000000000e+02;;;;;;;;;;
2.000000000000000000e+00;3.950000000000000000e+02;;;;;;;;;;
0.000000000000000000e+00;3.970000000000000000e+02;;;;;;;;;;
2.000000000000000000e+00;3.970000000000000000e+02;;;;;;;;;;
2.000000000000000000e+00;3.990000000000000000e+02;;;;;;;;;;
1.000000000000000000e+00;4.000000000000000000e+02;;;;;;;;;;
0.000000000000000000e+00;4.010000000000000000e+02;;;;;;;;;;
0.000000000000000000e+00;4.030000000000000000e+02;;;;;;;;;;
2.000000000000000000e+00;4.030000000000000000e+02;;;;;;;;;;
1.000000000000000000e+00;4.040000000000000000e+02;;;;;;;;;;
1.000000000000000000e+00;4.050000000000000000e+02;;;;;;;;;;
1.000000000000000000e+00;4.060000000000000000e+02;;;;;;;;;;
2.000000000000000000e+00;4.060000000000000000e+02;;;;;;;;;;
1.000000000000000000e+00;4.070000000000000000e+02;;;;;;;;;;
1.000000000000000000e+00;4.080000000000000000e+02;;;;;;;;;;
2.000000000000000000e+00;4.080000000000000000e+02;;;;;;;;;;
1.000000000000000000e+00;4.090000000000000000e+02;;;;;;;;;;
2.000000000000000000e+00;4.100000000000000000e+02;;;;;;;;;;
2.000000000000000000e+00;4.120000000000000000e+02;;;;;;;;;;
1.000000000000000000e+00;4.130000000000000000e+02;;;;;;;;;;
2.000000000000000000e+00;4.130000000000000000e+02;;;;;;;;;;
1.000000000000000000e+00;4.140000000000000000e+02;;;;;;;;;;
2.000000000000000000e+00;4.150000000000000000e+02;;;;;;;;;;
2.000000000000000000e+00;4.170000000000000000e+02;;;;;;;;;;
2.000000000000000000e+00;4.190000000000000000e+02;;;;;;;;;;
1.000000000000000000e+00;4.200000000000000000e+02;;;;;;;;;;
1.000000000000000000e+00;4.210000000000000000e+02;;;;;;;;;;
2.000000000000000000e+00;4.210000000000000000e+02;;;;;;;;;;
1.000000000000000000e+00;4.220000000000000000e+02;;;;;;;;;;
1.000000000000000000e+00;4.230000000000000000e+02;;;;;;;;;;
2.000000000000000000e+00;4.230000000000000000e+02;;;;;;;;;;
1.000000000000000000e+00;4.240000000000000000e+02;;;;;;;;;;
2.000000000000000000e+00;4.250000000000000000e+02;;;;;;;;;;
2.000000000000000000e+00;4.260000000000000000e+02;;;;;;;;;;
1.000000000000000000e+00;4.280000000000000000e+02;;;;;;;;;;
2.000000000000000000e+00;4.280000000000000000e+02;;;;;;;;;;
1.000000000000000000e+00;4.300000000000000000e+02;;;;;;;;;;
2.000000000000000000e+00;4.300000000000000000e+02;;;;;;;;;;
1.000000000000000000e+00;4.310000000000000000e+02;;;;;;;;;;
2.000000000000000000e+00;4.320000000000000000e+02;;;;;;;;;;
2.000000000000000000e+00;4.340000000000000000e+02;;;;;;;;;;
2.000000000000000000e+00;4.370000000000000000e+02;;;;;;;;;;
2.000000000000000000e+00;4.390000000000000000e+02;;;;;;;;;;
2.000000000000000000e+00;4.410000000000000000e+02;;;;;;;;;;
2.000000000000000000e+00;4.430000000000000000e+02;;;;;;;;;;
1.000000000000000000e+00;4.450000000000000000e+02;;;;;;;;;;
2.000000000000000000e+00;4.450000000000000000e+02;;;;;;;;;;
1.000000000000000000e+00;4.460000000000000000e+02;;;;;;;;;;
2.000000000000000000e+00;4.470000000000000000e+02;;;;;;;;;;
2.000000000000000000e+00;4.490000000000000000e+02;;;;;;;;;;
1.000000000000000000e+00;4.500000000000000000e+02;;;;;;;;;;
2.000000000000000000e+00;4.500000000000000000e+02;;;;;;;;;;
1.000000000000000000e+00;4.510000000000000000e+02;;;;;;;;;;
2.000000000000000000e+00;4.520000000000000000e+02;;;;;;;;;;
3.000000000000000000e+00;4.530000000000000000e+02;;;;;;;;;;
2.000000000000000000e+00;4.540000000000000000e+02;;;;;;;;;;
2.000000000000000000e+00;4.570000000000000000e+02;;;;;;;;;;
2.000000000000000000e+00;4.590000000000000000e+02;;;;;;;;;;
2.000000000000000000e+00;4.620000000000000000e+02;;;;;;;;;;
2.000000000000000000e+00;4.640000000000000000e+02;;;;;;;;;;
2.000000000000000000e+00;4.660000000000000000e+02;;;;;;;;;;
1.000000000000000000e+00;4.690000000000000000e+02;;;;;;;;;;
2.000000000000000000e+00;4.690000000000000000e+02;;;;;;;;;;
2.000000000000000000e+00;4.710000000000000000e+02;;;;;;;;;;
1.000000000000000000e+00;4.730000000000000000e+02;;;;;;;;;;
2.000000000000000000e+00;4.730000000000000000e+02;;;;;;;;;;
1.000000000000000000e+00;4.740000000000000000e+02;;;;;;;;;;
1.000000000000000000e+00;4.750000000000000000e+02;;;;;;;;;;
2.000000000000000000e+00;4.760000000000000000e+02;;;;;;;;;;
1.000000000000000000e+00;4.770000000000000000e+02;;;;;;;;;;
1.000000000000000000e+00;4.780000000000000000e+02;;;;;;;;;;
2.000000000000000000e+00;4.780000000000000000e+02;;;;;;;;;;
2.000000000000000000e+00;4.800000000000000000e+02;;;;;;;;;;
1.000000000000000000e+00;4.820000000000000000e+02;;;;;;;;;;
2.000000000000000000e+00;4.820000000000000000e+02;;;;;;;;;;
1.000000000000000000e+00;4.830000000000000000e+02;;;;;;;;;;
1.000000000000000000e+00;4.840000000000000000e+02;;;;;;;;;;
1.000000000000000000e+00;4.850000000000000000e+02;;;;;;;;;;
2.000000000000000000e+00;4.850000000000000000e+02;;;;;;;;;;
2.000000000000000000e+00;4.870000000000000000e+02;;;;;;;;;;
2.000000000000000000e+00;4.900000000000000000e+02;;;;;;;;;;
1.000000000000000000e+00;4.930000000000000000e+02;;;;;;;;;;
2.000000000000000000e+00;4.930000000000000000e+02;;;;;;;;;;
1.000000000000000000e+00;4.940000000000000000e+02;;;;;;;;;;
1.000000000000000000e+00;4.950000000000000000e+02;;;;;;;;;;
2.000000000000000000e+00;4.950000000000000000e+02;;;;;;;;;;
2.000000000000000000e+00;4.970000000000000000e+02;;;;;;;;;;
2.000000000000000000e+00;4.990000000000000000e+02;;;;;;;;;;
2.000000000000000000e+00;5.010000000000000000e+02;;;;;;;;;;
1.000000000000000000e+00;5.030000000000000000e+02;;;;;;;;;;
2.000000000000000000e+00;5.030000000000000000e+02;;;;;;;;;;
1.000000000000000000e+00;5.040000000000000000e+02;;;;;;;;;;
2.000000000000000000e+00;5.050000000000000000e+02;;;;;;;;;;
2.000000000000000000e+00;5.070000000000000000e+02;;;;;;;;;;
1.000000000000000000e+00;5.080000000000000000e+02;;;;;;;;;;
2.000000000000000000e+00;5.080000000000000000e+02;;;;;;;;;;
1.000000000000000000e+00;5.090000000000000000e+02;;;;;;;;;;
1.000000000000000000e+00;5.100000000000000000e+02;;;;;;;;;;
2.000000000000000000e+00;5.100000000000000000e+02;;;;;;;;;;
1.000000000000000000e+00;5.110000000000000000e+02;;;;;;;;;;
1.000000000000000000e+00;5.120000000000000000e+02;;;;;;;;;;
2.000000000000000000e+00;5.120000000000000000e+02;;;;;;;;;;
1.000000000000000000e+00;5.150000000000000000e+02;;;;;;;;;;
2.000000000000000000e+00;5.150000000000000000e+02;;;;;;;;;;
2.000000000000000000e+00;5.170000000000000000e+02;;;;;;;;;;
1.000000000000000000e+00;5.190000000000000000e+02;;;;;;;;;;
2.000000000000000000e+00;5.190000000000000000e+02;;;;;;;;;;
1.000000000000000000e+00;5.200000000000000000e+02;;;;;;;;;;
2.000000000000000000e+00;5.200000000000000000e+02;;;;;;;;;;
2.000000000000000000e+00;5.220000000000000000e+02;;;;;;;;;;
1.000000000000000000e+00;5.240000000000000000e+02;;;;;;;;;;
2.000000000000000000e+00;5.240000000000000000e+02;;;;;;;;;;
1.000000000000000000e+00;5.250000000000000000e+02;;;;;;;;;;
2.000000000000000000e+00;5.270000000000000000e+02;;;;;;;;;;
1.000000000000000000e+00;5.280000000000000000e+02;;;;;;;;;;
1.000000000000000000e+00;5.290000000000000000e+02;;;;;;;;;;
2.000000000000000000e+00;5.290000000000000000e+02;;;;;;;;;;
1.000000000000000000e+00;5.300000000000000000e+02;;;;;;;;;;
2.000000000000000000e+00;5.310000000000000000e+02;;;;;;;;;;
2.000000000000000000e+00;5.330000000000000000e+02;;;;;;;;;;
2.000000000000000000e+00;5.350000000000000000e+02;;;;;;;;;;
2.000000000000000000e+00;5.370000000000000000e+02;;;;;;;;;;
1.000000000000000000e+00;5.380000000000000000e+02;;;;;;;;;;
1.000000000000000000e+00;5.390000000000000000e+02;;;;;;;;;;
2.000000000000000000e+00;5.390000000000000000e+02;;;;;;;;;;
2.000000000000000000e+00;5.420000000000000000e+02;;;;;;;;;;
2.000000000000000000e+00;5.440000000000000000e+02;;;;;;;;;;
1.000000000000000000e+00;5.450000000000000000e+02;;;;;;;;;;
1.000000000000000000e+00;5.460000000000000000e+02;;;;;;;;;;
2.000000000000000000e+00;5.460000000000000000e+02;;;;;;;;;;
1.000000000000000000e+00;5.470000000000000000e+02;;;;;;;;;;
1.000000000000000000e+00;5.480000000000000000e+02;;;;;;;;;;
2.000000000000000000e+00;5.480000000000000000e+02;;;;;;;;;;
1.000000000000000000e+00;5.490000000000000000e+02;;;;;;;;;;
1.000000000000000000e+00;5.500000000000000000e+02;;;;;;;;;;
2.000000000000000000e+00;5.510000000000000000e+02;;;;;;;;;;
2.000000000000000000e+00;5.530000000000000000e+02;;;;;;;;;;
2.000000000000000000e+00;5.560000000000000000e+02;;;;;;;;;;
1.000000000000000000e+00;5.580000000000000000e+02;;;;;;;;;;
2.000000000000000000e+00;5.580000000000000000e+02;;;;;;;;;;
2.000000000000000000e+00;5.600000000000000000e+02;;;;;;;;;;
2.000000000000000000e+00;5.620000000000000000e+02;;;;;;;;;;
2.000000000000000000e+00;5.630000000000000000e+02;;;;;;;;;;
1.000000000000000000e+00;5.640000000000000000e+02;;;;;;;;;;
1.000000000000000000e+00;5.650000000000000000e+02;;;;;;;;;;
2.000000000000000000e+00;5.650000000000000000e+02;;;;;;;;;;
2.000000000000000000e+00;5.680000000000000000e+02;;;;;;;;;;
2.000000000000000000e+00;5.700000000000000000e+02;;;;;;;;;;
1.000000000000000000e+00;5.710000000000000000e+02;;;;;;;;;;
1.000000000000000000e+00;5.720000000000000000e+02;;;;;;;;;;
2.000000000000000000e+00;5.720000000000000000e+02;;;;;;;;;;
2.000000000000000000e+00;5.740000000000000000e+02;;;;;;;;;;
2.000000000000000000e+00;5.760000000000000000e+02;;;;;;;;;;
2.000000000000000000e+00;5.780000000000000000e+02;;;;;;;;;;
2.000000000000000000e+00;5.810000000000000000e+02;;;;;;;;;;
1.000000000000000000e+00;5.820000000000000000e+02;;;;;;;;;;
1.000000000000000000e+00;5.830000000000000000e+02;;;;;;;;;;
2.000000000000000000e+00;5.830000000000000000e+02;;;;;;;;;;
1.000000000000000000e+00;5.840000000000000000e+02;;;;;;;;;;
1.000000000000000000e+00;5.850000000000000000e+02;;;;;;;;;;
2.000000000000000000e+00;5.850000000000000000e+02;;;;;;;;;;
1.000000000000000000e+00;5.860000000000000000e+02;;;;;;;;;;
1.000000000000000000e+00;5.870000000000000000e+02;;;;;;;;;;
2.000000000000000000e+00;5.880000000000000000e+02;;;;;;;;;;
2.000000000000000000e+00;5.890000000000000000e+02;;;;;;;;;;
1.000000000000000000e+00;5.910000000000000000e+02;;;;;;;;;;
2.000000000000000000e+00;5.910000000000000000e+02;;;;;;;;;;
1.000000000000000000e+00;5.920000000000000000e+02;;;;;;;;;;
2.000000000000000000e+00;5.930000000000000000e+02;;;;;;;;;;
1.000000000000000000e+00;5.940000000000000000e+02;;;;;;;;;;
1.000000000000000000e+00;5.950000000000000000e+02;;;;;;;;;;
2.000000000000000000e+00;5.950000000000000000e+02;;;;;;;;;;
1.000000000000000000e+00;5.960000000000000000e+02;;;;;;;;;;
2.000000000000000000e+00;5.960000000000000000e+02;;;;;;;;;;
2.000000000000000000e+00;5.980000000000000000e+02;;;;;;;;;;
2.000000000000000000e+00;6.000000000000000000e+02;;;;;;;;;;
2.000000000000000000e+00;6.020000000000000000e+02;;;;;;;;;;
1.000000000000000000e+00;6.040000000000000000e+02;;;;;;;;;;
2.000000000000000000e+00;6.040000000000000000e+02;;;;;;;;;;
1.000000000000000000e+00;6.050000000000000000e+02;;;;;;;;;;
1.000000000000000000e+00;6.060000000000000000e+02;;;;;;;;;;
2.000000000000000000e+00;6.060000000000000000e+02;;;;;;;;;;
2.000000000000000000e+00;6.080000000000000000e+02;;;;;;;;;;
2.000000000000000000e+00;6.100000000000000000e+02;;;;;;;;;;
2.000000000000000000e+00;6.120000000000000000e+02;;;;;;;;;;
1.000000000000000000e+00;6.140000000000000000e+02;;;;;;;;;;
2.000000000000000000e+00;6.140000000000000000e+02;;;;;;;;;;
1.000000000000000000e+00;6.150000000000000000e+02;;;;;;;;;;
1.000000000000000000e+00;6.160000000000000000e+02;;;;;;;;;;
2.000000000000000000e+00;6.170000000000000000e+02;;;;;;;;;;
1.000000000000000000e+00;6.180000000000000000e+02;;;;;;;;;;
1.000000000000000000e+00;6.190000000000000000e+02;;;;;;;;;;
2.000000000000000000e+00;6.190000000000000000e+02;;;;;;;;;;
1.000000000000000000e+00;6.200000000000000000e+02;;;;;;;;;;
2.000000000000000000e+00;6.210000000000000000e+02;;;;;;;;;;
1.000000000000000000e+00;6.220000000000000000e+02;;;;;;;;;;
1.000000000000000000e+00;6.230000000000000000e+02;;;;;;;;;;
2.000000000000000000e+00;6.230000000000000000e+02;;;;;;;;;;
1.000000000000000000e+00;6.240000000000000000e+02;;;;;;;;;;
2.000000000000000000e+00;6.250000000000000000e+02;;;;;;;;;;
2.000000000000000000e+00;6.280000000000000000e+02;;;;;;;;;;
3.000000000000000000e+00;6.280000000000000000e+02;;;;;;;;;;
2.000000000000000000e+00;6.300000000000000000e+02;;;;;;;;;;
2.000000000000000000e+00;6.320000000000000000e+02;;;;;;;;;;
1.000000000000000000e+00;6.340000000000000000e+02;;;;;;;;;;
0.000000000000000000e+00;6.350000000000000000e+02;;;;;;;;;;
1.000000000000000000e+00;6.350000000000000000e+02;;;;;;;;;;
1.000000000000000000e+00;6.360000000000000000e+02;;;;;;;;;;
2.000000000000000000e+00;6.370000000000000000e+02;;;;;;;;;;
0.000000000000000000e+00;6.390000000000000000e+02;;;;;;;;;;
2.000000000000000000e+00;6.390000000000000000e+02;;;;;;;;;;
2.000000000000000000e+00;6.410000000000000000e+02;;;;;;;;;;
0.000000000000000000e+00;6.420000000000000000e+02;;;;;;;;;;
2.000000000000000000e+00;6.430000000000000000e+02;;;;;;;;;;
0.000000000000000000e+00;6.440000000000000000e+02;;;;;;;;;;
2.000000000000000000e+00;6.450000000000000000e+02;;;;;;;;;;
0.000000000000000000e+00;6.460000000000000000e+02;;;;;;;;;;
1.000000000000000000e+00;6.460000000000000000e+02;;;;;;;;;;
1.000000000000000000e+00;6.470000000000000000e+02;;;;;;;;;;
2.000000000000000000e+00;6.470000000000000000e+02;;;;;;;;;;
0.000000000000000000e+00;6.480000000000000000e+02;;;;;;;;;;
0.000000000000000000e+00;6.500000000000000000e+02;;;;;;;;;;
2.000000000000000000e+00;6.500000000000000000e+02;;;;;;;;;;
1.000000000000000000e+00;6.510000000000000000e+02;;;;;;;;;;
0.000000000000000000e+00;6.520000000000000000e+02;;;;;;;;;;
1.000000000000000000e+00;6.520000000000000000e+02;;;;;;;;;;
2.000000000000000000e+00;6.520000000000000000e+02;;;;;;;;;;
1.000000000000000000e+00;6.530000000000000000e+02;;;;;;;;;;
0.000000000000000000e+00;6.540000000000000000e+02;;;;;;;;;;
1.000000000000000000e+00;6.540000000000000000e+02;;;;;;;;;;
1.000000000000000000e+00;6.550000000000000000e+02;;;;;;;;;;
0.000000000000000000e+00;6.560000000000000000e+02;;;;;;;;;;
1.000000000000000000e+00;6.560000000000000000e+02;;;;;;;;;;
2.000000000000000000e+00;6.560000000000000000e+02;;;;;;;;;;
1.000000000000000000e+00;6.570000000000000000e+02;;;;;;;;;;
0.000000000000000000e+00;6.580000000000000000e+02;;;;;;;;;;
1.000000000000000000e+00;6.580000000000000000e+02;;;;;;;;;;
2.000000000000000000e+00;6.580000000000000000e+02;;;;;;;;;;
1.000000000000000000e+00;6.590000000000000000e+02;;;;;;;;;;
1.000000000000000000e+00;6.600000000000000000e+02;;;;;;;;;;
2.000000000000000000e+00;6.600000000000000000e+02;;;;;;;;;;
0.000000000000000000e+00;6.620000000000000000e+02;;;;;;;;;;
1.000000000000000000e+00;6.620000000000000000e+02;;;;;;;;;;
2.000000000000000000e+00;6.630000000000000000e+02;;;;;;;;;;
0.000000000000000000e+00;6.640000000000000000e+02;;;;;;;;;;
2.000000000000000000e+00;6.650000000000000000e+02;;;;;;;;;;
0.000000000000000000e+00;6.660000000000000000e+02;;;;;;;;;;
2.000000000000000000e+00;6.670000000000000000e+02;;;;;;;;;;
2.000000000000000000e+00;6.690000000000000000e+02;;;;;;;;;;
0.000000000000000000e+00;6.700000000000000000e+02;;;;;;;;;;
1.000000000000000000e+00;6.700000000000000000e+02;;;;;;;;;;
1.000000000000000000e+00;6.710000000000000000e+02;;;;;;;;;;
2.000000000000000000e+00;6.710000000000000000e+02;;;;;;;;;;
0.000000000000000000e+00;6.720000000000000000e+02;;;;;;;;;;
1.000000000000000000e+00;6.720000000000000000e+02;;;;;;;;;;
1.000000000000000000e+00;6.730000000000000000e+02;;;;;;;;;;
1.000000000000000000e+00;6.740000000000000000e+02;;;;;;;;;;
2.000000000000000000e+00;6.740000000000000000e+02;;;;;;;;;;
2.000000000000000000e+00;6.760000000000000000e+02;;;;;;;;;;
2.000000000000000000e+00;6.770000000000000000e+02;;;;;;;;;;
0.000000000000000000e+00;6.780000000000000000e+02;;;;;;;;;;
1.000000000000000000e+00;6.780000000000000000e+02;;;;;;;;;;
2.000000000000000000e+00;6.790000000000000000e+02;;;;;;;;;;
0.000000000000000000e+00;6.800000000000000000e+02;;;;;;;;;;
1.000000000000000000e+00;6.800000000000000000e+02;;;;;;;;;;
1.000000000000000000e+00;6.810000000000000000e+02;;;;;;;;;;
2.000000000000000000e+00;6.810000000000000000e+02;;;;;;;;;;
0.000000000000000000e+00;6.820000000000000000e+02;;;;;;;;;;
2.000000000000000000e+00;6.830000000000000000e+02;;;;;;;;;;
2.000000000000000000e+00;6.860000000000000000e+02;;;;;;;;;;
0.000000000000000000e+00;6.880000000000000000e+02;;;;;;;;;;
2.000000000000000000e+00;6.880000000000000000e+02;;;;;;;;;;
2.000000000000000000e+00;6.900000000000000000e+02;;;;;;;;;;
0.000000000000000000e+00;6.910000000000000000e+02;;;;;;;;;;
2.000000000000000000e+00;6.920000000000000000e+02;;;;;;;;;;
0.000000000000000000e+00;6.930000000000000000e+02;;;;;;;;;;
2.000000000000000000e+00;6.940000000000000000e+02;;;;;;;;;;
1.000000000000000000e+00;6.950000000000000000e+02;;;;;;;;;;
2.000000000000000000e+00;6.960000000000000000e+02;;;;;;;;;;
0.000000000000000000e+00;6.970000000000000000e+02;;;;;;;;;;
2.000000000000000000e+00;6.980000000000000000e+02;;;;;;;;;;
2.000000000000000000e+00;7.000000000000000000e+02;;;;;;;;;;
0.000000000000000000e+00;7.010000000000000000e+02;;;;;;;;;;
2.000000000000000000e+00;7.010000000000000000e+02;;;;;;;;;;
0.000000000000000000e+00;7.020000000000000000e+02;;;;;;;;;;
0.000000000000000000e+00;7.040000000000000000e+02;;;;;;;;;;
2.000000000000000000e+00;7.040000000000000000e+02;;;;;;;;;;
1.000000000000000000e+00;7.050000000000000000e+02;;;;;;;;;;
0.000000000000000000e+00;7.060000000000000000e+02;;;;;;;;;;
1.000000000000000000e+00;7.060000000000000000e+02;;;;;;;;;;
2.000000000000000000e+00;7.060000000000000000e+02;;;;;;;;;;
1.000000000000000000e+00;7.070000000000000000e+02;;;;;;;;;;
1.000000000000000000e+00;7.080000000000000000e+02;;;;;;;;;;
1.000000000000000000e+00;7.090000000000000000e+02;;;;;;;;;;
2.000000000000000000e+00;7.090000000000000000e+02;;;;;;;;;;
0.000000000000000000e+00;7.100000000000000000e+02;;;;;;;;;;
1.000000000000000000e+00;7.110000000000000000e+02;;;;;;;;;;
2.000000000000000000e+00;7.110000000000000000e+02;;;;;;;;;;
1.000000000000000000e+00;7.120000000000000000e+02;;;;;;;;;;
1.000000000000000000e+00;7.130000000000000000e+02;;;;;;;;;;
2.000000000000000000e+00;7.130000000000000000e+02;;;;;;;;;;
1.000000000000000000e+00;7.140000000000000000e+02;;;;;;;;;;
2.000000000000000000e+00;7.150000000000000000e+02;;;;;;;;;;
2.000000000000000000e+00;7.170000000000000000e+02;;;;;;;;;;
0.000000000000000000e+00;7.180000000000000000e+02;;;;;;;;;;
0.000000000000000000e+00;7.190000000000000000e+02;;;;;;;;;;
2.000000000000000000e+00;7.190000000000000000e+02;;;;;;;;;;
0.000000000000000000e+00;7.200000000000000000e+02;;;;;;;;;;
1.000000000000000000e+00;7.200000000000000000e+02;;;;;;;;;;
2.000000000000000000e+00;7.200000000000000000e+02;;;;;;;;;;
1.000000000000000000e+00;7.210000000000000000e+02;;;;;;;;;;
0.000000000000000000e+00;7.220000000000000000e+02;;;;;;;;;;
1.000000000000000000e+00;7.220000000000000000e+02;;;;;;;;;;
2.000000000000000000e+00;7.220000000000000000e+02;;;;;;;;;;
2.000000000000000000e+00;7.240000000000000000e+02;;;;;;;;;;
2.000000000000000000e+00;7.260000000000000000e+02;;;;;;;;;;
0.000000000000000000e+00;7.280000000000000000e+02;;;;;;;;;;
2.000000000000000000e+00;7.280000000000000000e+02;;;;;;;;;;
0.000000000000000000e+00;7.290000000000000000e+02;;;;;;;;;;
1.000000000000000000e+00;7.300000000000000000e+02;;;;;;;;;;
2.000000000000000000e+00;7.300000000000000000e+02;;;;;;;;;;
0.000000000000000000e+00;7.310000000000000000e+02;;;;;;;;;;
2.000000000000000000e+00;7.320000000000000000e+02;;;;;;;;;;
2.000000000000000000e+00;7.340000000000000000e+02;;;;;;;;;;
0.000000000000000000e+00;7.350000000000000000e+02;;;;;;;;;;
0.000000000000000000e+00;7.360000000000000000e+02;;;;;;;;;;
2.000000000000000000e+00;7.360000000000000000e+02;;;;;;;;;;
0.000000000000000000e+00;7.370000000000000000e+02;;;;;;;;;;
1.000000000000000000e+00;7.380000000000000000e+02;;;;;;;;;;
2.000000000000000000e+00;7.380000000000000000e+02;;;;;;;;;;
0.000000000000000000e+00;7.390000000000000000e+02;;;;;;;;;;
1.000000000000000000e+00;7.390000000000000000e+02;;;;;;;;;;
1.000000000000000000e+00;7.400000000000000000e+02;;;;;;;;;;
2.000000000000000000e+00;7.400000000000000000e+02;;;;;;;;;;
1.000000000000000000e+00;7.410000000000000000e+02;;;;;;;;;;
0.000000000000000000e+00;7.430000000000000000e+02;;;;;;;;;;
2.000000000000000000e+00;7.440000000000000000e+02;;;;;;;;;;
0.000000000000000000e+00;7.450000000000000000e+02;;;;;;;;;;
2.000000000000000000e+00;7.460000000000000000e+02;;;;;;;;;;
0.000000000000000000e+00;7.470000000000000000e+02;;;;;;;;;;
0.000000000000000000e+00;7.480000000000000000e+02;;;;;;;;;;
2.000000000000000000e+00;7.480000000000000000e+02;;;;;;;;;;
0.000000000000000000e+00;7.490000000000000000e+02;;;;;;;;;;
1.000000000000000000e+00;7.490000000000000000e+02;;;;;;;;;;
2.000000000000000000e+00;7.500000000000000000e+02;;;;;;;;;;
0.000000000000000000e+00;7.510000000000000000e+02;;;;;;;;;;
1.000000000000000000e+00;7.510000000000000000e+02;;;;;;;;;;
0.000000000000000000e+00;7.530000000000000000e+02;;;;;;;;;;
2.000000000000000000e+00;7.530000000000000000e+02;;;;;;;;;;
0.000000000000000000e+00;7.540000000000000000e+02;;;;;;;;;;
0.000000000000000000e+00;7.560000000000000000e+02;;;;;;;;;;
2.000000000000000000e+00;7.560000000000000000e+02;;;;;;;;;;
0.000000000000000000e+00;7.570000000000000000e+02;;;;;;;;;;
2.000000000000000000e+00;7.590000000000000000e+02;;;;;;;;;;
0.000000000000000000e+00;7.610000000000000000e+02;;;;;;;;;;
2.000000000000000000e+00;7.610000000000000000e+02;;;;;;;;;;
0.000000000000000000e+00;7.630000000000000000e+02;;;;;;;;;;
1.000000000000000000e+00;7.630000000000000000e+02;;;;;;;;;;
2.000000000000000000e+00;7.630000000000000000e+02;;;;;;;;;;
1.000000000000000000e+00;7.640000000000000000e+02;;;;;;;;;;
0.000000000000000000e+00;7.650000000000000000e+02;;;;;;;;;;
1.000000000000000000e+00;7.650000000000000000e+02;;;;;;;;;;
2.000000000000000000e+00;7.650000000000000000e+02;;;;;;;;;;
1.000000000000000000e+00;7.660000000000000000e+02;;;;;;;;;;
2.000000000000000000e+00;7.670000000000000000e+02;;;;;;;;;;
2.000000000000000000e+00;7.690000000000000000e+02;;;;;;;;;;
0.000000000000000000e+00;7.710000000000000000e+02;;;;;;;;;;
2.000000000000000000e+00;7.720000000000000000e+02;;;;;;;;;;
0.000000000000000000e+00;7.730000000000000000e+02;;;;;;;;;;
2.000000000000000000e+00;7.740000000000000000e+02;;;;;;;;;;
0.000000000000000000e+00;7.770000000000000000e+02;;;;;;;;;;
2.000000000000000000e+00;7.770000000000000000e+02;;;;;;;;;;
0.000000000000000000e+00;7.780000000000000000e+02;;;;;;;;;;
0.000000000000000000e+00;7.790000000000000000e+02;;;;;;;;;;
0.000000000000000000e+00;7.800000000000000000e+02;;;;;;;;;;
1.000000000000000000e+00;7.800000000000000000e+02;;;;;;;;;;
2.000000000000000000e+00;7.800000000000000000e+02;;;;;;;;;;
0.000000000000000000e+00;7.810000000000000000e+02;;;;;;;;;;
0.000000000000000000e+00;7.830000000000000000e+02;;;;;;;;;;
2.000000000000000000e+00;7.830000000000000000e+02;;;;;;;;;;
0.000000000000000000e+00;7.850000000000000000e+02;;;;;;;;;;
2.000000000000000000e+00;7.850000000000000000e+02;;;;;;;;;;
1.000000000000000000e+00;7.860000000000000000e+02;;;;;;;;;;
2.000000000000000000e+00;7.870000000000000000e+02;;;;;;;;;;
2.000000000000000000e+00;7.900000000000000000e+02;;;;;;;;;;
0.000000000000000000e+00;7.910000000000000000e+02;;;;;;;;;;
2.000000000000000000e+00;7.920000000000000000e+02;;;;;;;;;;
0.000000000000000000e+00;7.930000000000000000e+02;;;;;;;;;;
2.000000000000000000e+00;7.940000000000000000e+02;;;;;;;;;;
0.000000000000000000e+00;7.950000000000000000e+02;;;;;;;;;;
2.000000000000000000e+00;7.960000000000000000e+02;;;;;;;;;;
0.000000000000000000e+00;7.970000000000000000e+02;;;;;;;;;;
0.000000000000000000e+00;7.980000000000000000e+02;;;;;;;;;;
2.000000000000000000e+00;7.980000000000000000e+02;;;;;;;;;;
1.000000000000000000e+00;8.000000000000000000e+02;;;;;;;;;;
2.000000000000000000e+00;8.000000000000000000e+02;;;;;;;;;;
0.000000000000000000e+00;8.020000000000000000e+02;;;;;;;;;;
2.000000000000000000e+00;8.020000000000000000e+02;;;;;;;;;;
0.000000000000000000e+00;8.030000000000000000e+02;;;;;;;;;;
2.000000000000000000e+00;8.040000000000000000e+02;;;;;;;;;;
0.000000000000000000e+00;8.050000000000000000e+02;;;;;;;;;;
1.000000000000000000e+00;8.060000000000000000e+02;;;;;;;;;;
2.000000000000000000e+00;8.060000000000000000e+02;;;;;;;;;;
0.000000000000000000e+00;8.070000000000000000e+02;;;;;;;;;;
1.000000000000000000e+00;8.070000000000000000e+02;;;;;;;;;;
0.000000000000000000e+00;8.080000000000000000e+02;;;;;;;;;;
2.000000000000000000e+00;8.090000000000000000e+02;;;;;;;;;;
0.000000000000000000e+00;8.100000000000000000e+02;;;;;;;;;;
0.000000000000000000e+00;8.110000000000000000e+02;;;;;;;;;;
2.000000000000000000e+00;8.130000000000000000e+02;;;;;;;;;;
0.000000000000000000e+00;8.140000000000000000e+02;;;;;;;;;;
2.000000000000000000e+00;8.150000000000000000e+02;;;;;;;;;;
0.000000000000000000e+00;8.160000000000000000e+02;;;;;;;;;;
2.000000000000000000e+00;8.170000000000000000e+02;;;;;;;;;;
0.000000000000000000e+00;8.180000000000000000e+02;;;;;;;;;;
0.000000000000000000e+00;8.190000000000000000e+02;;;;;;;;;;
1.000000000000000000e+00;8.190000000000000000e+02;;;;;;;;;;
2.000000000000000000e+00;8.190000000000000000e+02;;;;;;;;;;
1.000000000000000000e+00;8.200000000000000000e+02;;;;;;;;;;
0.000000000000000000e+00;8.210000000000000000e+02;;;;;;;;;;
0.000000000000000000e+00;8.220000000000000000e+02;;;;;;;;;;
2.000000000000000000e+00;8.220000000000000000e+02;;;;;;;;;;
0.000000000000000000e+00;8.230000000000000000e+02;;;;;;;;;;
2.000000000000000000e+00;8.240000000000000000e+02;;;;;;;;;;
0.000000000000000000e+00;8.250000000000000000e+02;;;;;;;;;;
1.000000000000000000e+00;8.260000000000000000e+02;;;;;;;;;;
2.000000000000000000e+00;8.260000000000000000e+02;;;;;;;;;;
1.000000000000000000e+00;8.270000000000000000e+02;;;;;;;;;;
2.000000000000000000e+00;8.280000000000000000e+02;;;;;;;;;;
1.000000000000000000e+00;8.290000000000000000e+02;;;;;;;;;;
1.000000000000000000e+00;8.300000000000000000e+02;;;;;;;;;;
0.000000000000000000e+00;8.310000000000000000e+02;;;;;;;;;;
1.000000000000000000e+00;8.310000000000000000e+02;;;;;;;;;;
2.000000000000000000e+00;8.310000000000000000e+02;;;;;;;;;;
1.000000000000000000e+00;8.320000000000000000e+02;;;;;;;;;;
0.000000000000000000e+00;8.330000000000000000e+02;;;;;;;;;;
1.000000000000000000e+00;8.330000000000000000e+02;;;;;;;;;;
1.000000000000000000e+00;8.340000000000000000e+02;;;;;;;;;;
2.000000000000000000e+00;8.340000000000000000e+02;;;;;;;;;;
0.000000000000000000e+00;8.350000000000000000e+02;;;;;;;;;;
0.000000000000000000e+00;8.360000000000000000e+02;;;;;;;;;;
2.000000000000000000e+00;8.360000000000000000e+02;;;;;;;;;;
2.000000000000000000e+00;8.380000000000000000e+02;;;;;;;;;;
0.000000000000000000e+00;8.400000000000000000e+02;;;;;;;;;;
2.000000000000000000e+00;8.400000000000000000e+02;;;;;;;;;;
2.000000000000000000e+00;8.410000000000000000e+02;;;;;;;;;;
0.000000000000000000e+00;8.420000000000000000e+02;;;;;;;;;;
1.000000000000000000e+00;8.420000000000000000e+02;;;;;;;;;;
1.000000000000000000e+00;8.430000000000000000e+02;;;;;;;;;;
2.000000000000000000e+00;8.430000000000000000e+02;;;;;;;;;;
0.000000000000000000e+00;8.440000000000000000e+02;;;;;;;;;;
1.000000000000000000e+00;8.440000000000000000e+02;;;;;;;;;;
0.000000000000000000e+00;8.450000000000000000e+02;;;;;;;;;;
2.000000000000000000e+00;8.450000000000000000e+02;;;;;;;;;;
1.000000000000000000e+00;8.460000000000000000e+02;;;;;;;;;;
0.000000000000000000e+00;8.470000000000000000e+02;;;;;;;;;;
1.000000000000000000e+00;8.470000000000000000e+02;;;;;;;;;;
2.000000000000000000e+00;8.470000000000000000e+02;;;;;;;;;;
1.000000000000000000e+00;8.480000000000000000e+02;;;;;;;;;;
2.000000000000000000e+00;8.490000000000000000e+02;;;;;;;;;;
0.000000000000000000e+00;8.510000000000000000e+02;;;;;;;;;;
2.000000000000000000e+00;8.510000000000000000e+02;;;;;;;;;;
0.000000000000000000e+00;8.530000000000000000e+02;;;;;;;;;;
2.000000000000000000e+00;8.530000000000000000e+02;;;;;;;;;;
0.000000000000000000e+00;8.540000000000000000e+02;;;;;;;;;;
0.000000000000000000e+00;8.560000000000000000e+02;;;;;;;;;;
1.000000000000000000e+00;8.560000000000000000e+02;;;;;;;;;;
2.000000000000000000e+00;8.560000000000000000e+02;;;;;;;;;;
1.000000000000000000e+00;8.570000000000000000e+02;;;;;;;;;;
0.000000000000000000e+00;8.580000000000000000e+02;;;;;;;;;;
1.000000000000000000e+00;8.580000000000000000e+02;;;;;;;;;;
1.000000000000000000e+00;8.590000000000000000e+02;;;;;;;;;;
2.000000000000000000e+00;8.590000000000000000e+02;;;;;;;;;;
0.000000000000000000e+00;8.610000000000000000e+02;;;;;;;;;;
1.000000000000000000e+00;8.610000000000000000e+02;;;;;;;;;;
2.000000000000000000e+00;8.610000000000000000e+02;;;;;;;;;;
1.000000000000000000e+00;8.620000000000000000e+02;;;;;;;;;;
1.000000000000000000e+00;8.630000000000000000e+02;;;;;;;;;;
2.000000000000000000e+00;8.630000000000000000e+02;;;;;;;;;;
0.000000000000000000e+00;8.650000000000000000e+02;;;;;;;;;;
1.000000000000000000e+00;8.650000000000000000e+02;;;;;;;;;;
2.000000000000000000e+00;8.650000000000000000e+02;;;;;;;;;;
0.000000000000000000e+00;8.660000000000000000e+02;;;;;;;;;;
1.000000000000000000e+00;8.660000000000000000e+02;;;;;;;;;;
1.000000000000000000e+00;8.670000000000000000e+02;;;;;;;;;;
0.000000000000000000e+00;8.680000000000000000e+02;;;;;;;;;;
1.000000000000000000e+00;8.680000000000000000e+02;;;;;;;;;;
2.000000000000000000e+00;8.680000000000000000e+02;;;;;;;;;;
1.000000000000000000e+00;8.690000000000000000e+02;;;;;;;;;;
0.000000000000000000e+00;8.700000000000000000e+02;;;;;;;;;;
1.000000000000000000e+00;8.700000000000000000e+02;;;;;;;;;;
2.000000000000000000e+00;8.700000000000000000e+02;;;;;;;;;;
1.000000000000000000e+00;8.710000000000000000e+02;;;;;;;;;;
0.000000000000000000e+00;8.720000000000000000e+02;;;;;;;;;;
0.000000000000000000e+00;8.730000000000000000e+02;;;;;;;;;;
2.000000000000000000e+00;8.730000000000000000e+02;;;;;;;;;;
1.000000000000000000e+00;8.750000000000000000e+02;;;;;;;;;;
2.000000000000000000e+00;8.750000000000000000e+02;;;;;;;;;;
1.000000000000000000e+00;8.760000000000000000e+02;;;;;;;;;;
2.000000000000000000e+00;8.770000000000000000e+02;;;;;;;;;;
2.000000000000000000e+00;8.790000000000000000e+02;;;;;;;;;;
2.000000000000000000e+00;8.820000000000000000e+02;;;;;;;;;;
2.000000000000000000e+00;8.850000000000000000e+02;;;;;;;;;;
2.000000000000000000e+00;8.870000000000000000e+02;;;;;;;;;;
2.000000000000000000e+00;8.890000000000000000e+02;;;;;;;;;;
1.000000000000000000e+00;8.900000000000000000e+02;;;;;;;;;;
1.000000000000000000e+00;8.910000000000000000e+02;;;;;;;;;;
1.000000000000000000e+00;8.920000000000000000e+02;;;;;;;;;;
2.000000000000000000e+00;8.920000000000000000e+02;;;;;;;;;;
1.000000000000000000e+00;8.930000000000000000e+02;;;;;;;;;;
1.000000000000000000e+00;8.950000000000000000e+02;;;;;;;;;;
2.000000000000000000e+00;8.950000000000000000e+02;;;;;;;;;;
1.000000000000000000e+00;8.960000000000000000e+02;;;;;;;;;;
1.000000000000000000e+00;8.970000000000000000e+02;;;;;;;;;;
2.000000000000000000e+00;8.970000000000000000e+02;;;;;;;;;;
2.000000000000000000e+00;8.990000000000000000e+02;;;;;;;;;;
1.000000000000000000e+00;9.010000000000000000e+02;;;;;;;;;;
2.000000000000000000e+00;9.010000000000000000e+02;;;;;;;;;;
1.000000000000000000e+00;9.020000000000000000e+02;;;;;;;;;;
2.000000000000000000e+00;9.040000000000000000e+02;;;;;;;;;;
2.000000000000000000e+00;9.060000000000000000e+02;;;;;;;;;;
2.000000000000000000e+00;9.080000000000000000e+02;;;;;;;;;;
1.000000000000000000e+00;9.100000000000000000e+02;;;;;;;;;;
2.000000000000000000e+00;9.100000000000000000e+02;;;;;;;;;;
1.000000000000000000e+00;9.110000000000000000e+02;;;;;;;;;;
1.000000000000000000e+00;9.120000000000000000e+02;;;;;;;;;;
2.000000000000000000e+00;9.120000000000000000e+02;;;;;;;;;;
1.000000000000000000e+00;9.130000000000000000e+02;;;;;;;;;;
1.000000000000000000e+00;9.140000000000000000e+02;;;;;;;;;;
2.000000000000000000e+00;9.140000000000000000e+02;;;;;;;;;;
2.000000000000000000e+00;9.160000000000000000e+02;;;;;;;;;;
2.000000000000000000e+00;9.170000000000000000e+02;;;;;;;;;;
2.000000000000000000e+00;9.190000000000000000e+02;;;;;;;;;;
1.000000000000000000e+00;9.200000000000000000e+02;;;;;;;;;;
1.000000000000000000e+00;9.210000000000000000e+02;;;;;;;;;;
2.000000000000000000e+00;9.210000000000000000e+02;;;;;;;;;;
1.000000000000000000e+00;9.220000000000000000e+02;;;;;;;;;;
1.000000000000000000e+00;9.230000000000000000e+02;;;;;;;;;;
2.000000000000000000e+00;9.240000000000000000e+02;;;;;;;;;;
2.000000000000000000e+00;9.260000000000000000e+02;;;;;;;;;;
2.000000000000000000e+00;9.280000000000000000e+02;;;;;;;;;;
1.000000000000000000e+00;9.290000000000000000e+02;;;;;;;;;;
1.000000000000000000e+00;9.300000000000000000e+02;;;;;;;;;;
2.000000000000000000e+00;9.320000000000000000e+02;;;;;;;;;;
1.000000000000000000e+00;9.340000000000000000e+02;;;;;;;;;;
2.000000000000000000e+00;9.340000000000000000e+02;;;;;;;;;;
1.000000000000000000e+00;9.350000000000000000e+02;;;;;;;;;;
2.000000000000000000e+00;9.360000000000000000e+02;;;;;;;;;;
2.000000000000000000e+00;9.380000000000000000e+02;;;;;;;;;;
2.000000000000000000e+00;9.400000000000000000e+02;;;;;;;;;;
1.000000000000000000e+00;9.410000000000000000e+02;;;;;;;;;;
2.000000000000000000e+00;9.420000000000000000e+02;;;;;;;;;;
2.000000000000000000e+00;9.440000000000000000e+02;;;;;;;;;;
2.000000000000000000e+00;9.470000000000000000e+02;;;;;;;;;;
2.000000000000000000e+00;9.500000000000000000e+02;;;;;;;;;;
2.000000000000000000e+00;9.520000000000000000e+02;;;;;;;;;;
2.000000000000000000e+00;9.540000000000000000e+02;;;;;;;;;;
1.000000000000000000e+00;9.550000000000000000e+02;;;;;;;;;;
2.000000000000000000e+00;9.550000000000000000e+02;;;;;;;;;;
1.000000000000000000e+00;9.560000000000000000e+02;;;;;;;;;;
1.000000000000000000e+00;9.570000000000000000e+02;;;;;;;;;;
2.000000000000000000e+00;9.570000000000000000e+02;;;;;;;;;;
1.000000000000000000e+00;9.580000000000000000e+02;;;;;;;;;;
2.000000000000000000e+00;9.590000000000000000e+02;;;;;;;;;;
1.000000000000000000e+00;9.600000000000000000e+02;;;;;;;;;;
1.000000000000000000e+00;9.610000000000000000e+02;;;;;;;;;;
1.000000000000000000e+00;9.620000000000000000e+02;;;;;;;;;;
2.000000000000000000e+00;9.620000000000000000e+02;;;;;;;;;;
1.000000000000000000e+00;9.630000000000000000e+02;;;;;;;;;;
2.000000000000000000e+00;9.640000000000000000e+02;;;;;;;;;;
2.000000000000000000e+00;9.660000000000000000e+02;;;;;;;;;;
1.000000000000000000e+00;9.670000000000000000e+02;;;;;;;;;;
1.000000000000000000e+00;9.680000000000000000e+02;;;;;;;;;;
2.000000000000000000e+00;9.680000000000000000e+02;;;;;;;;;;
1.000000000000000000e+00;9.690000000000000000e+02;;;;;;;;;;
2.000000000000000000e+00;9.700000000000000000e+02;;;;;;;;;;
1.000000000000000000e+00;9.710000000000000000e+02;;;;;;;;;;
1.000000000000000000e+00;9.720000000000000000e+02;;;;;;;;;;
2.000000000000000000e+00;9.720000000000000000e+02;;;;;;;;;;
1.000000000000000000e+00;9.730000000000000000e+02;;;;;;;;;;
2.000000000000000000e+00;9.740000000000000000e+02;;;;;;;;;;
2.000000000000000000e+00;9.770000000000000000e+02;;;;;;;;;;
2.000000000000000000e+00;9.800000000000000000e+02;;;;;;;;;;
2.000000000000000000e+00;9.830000000000000000e+02;;;;;;;;;;
2.000000000000000000e+00;9.850000000000000000e+02;;;;;;;;;;
2.000000000000000000e+00;9.870000000000000000e+02;;;;;;;;;;
1.000000000000000000e+00;9.890000000000000000e+02;;;;;;;;;;
2.000000000000000000e+00;9.900000000000000000e+02;;;;;;;;;;
2.000000000000000000e+00;9.920000000000000000e+02;;;;;;;;;;
2.000000000000000000e+00;9.940000000000000000e+02;;;;;;;;;;
2.000000000000000000e+00;9.960000000000000000e+02;;;;;;;;;;
2.000000000000000000e+00;9.990000000000000000e+02;;;;;;;;;;
